insert into Pessoa values
(21703158,'Maria','Cachoeira',	'Avenida Praia 83, Casal da Clarigueira, Leiria, 2540-164',	18	,912298006),
(15714417,'José',	'Letras','Avenida Marquês Tomar 8, Lisboa, Lisboa, 1750-202',	41	,937233698),
(21373983,'Antônio','Regueira',	'R Alferes Veiga Pestana 46, Rochão, Ilha da Madeira, 9135-368'	,44	,911611322),
(10726697,'João',	'Boto','R Forças Armadas 48, Ourique, Beja, 7670-298',	39	,934677968),
(12798617,'Francisco','Quinaz',	'Rua Pé Mouro Armz 111, Agualva-Cacém, Lisboa, 2735-358',	32,	962561875),
(13776845,'Ana',	'Torquato','Rua Augusta 89, Fontinhosa, Coimbra, 3040-694'	,26	,928432326),
(10546605,'Luis',	'Cruz','Avenida Noruega 39, Cabril, Vila Real, 5000-471',	32,	930035906),
(12908653,'Paulo',	'Godoi','Rua Longuinha 63, Ramada, Lisboa, 2620-474',	45,	926163431),
(11570770,'Carlos',	'Oliveiro','R Cimo Vila 60, Sanfins, Porto, 4595-149',	19	,919123248),
(16983966,'Manuel',	'Raposo','R Luís Camões 86, Miranda do Douro, Bragança, 5210-212',	50,921382122),
(15455020,'Pedro',	'Castilhos','R João C Loureiro 101, Sosa, Aveiro, 3840-365',	22,	922503132),
(27096261,'Francisca','Quintela'	,'Rua Caldeirão 15, Rates, Porto, 4570-516',	35	,925426690),
(21263465,'Marcos',	'Souto','Rua Luísa Tody 44, Rebordosa, Porto, 4585-376',	25,	938309514),
(29571946,'Raimundo','Moita',	'R Maria L Sales 16, Câmara de Lobos, Ilha da Madeira, 9300-376',	27,	937359909),
(14259984,'Sebastião','Maia',	'Rua Cardeal Mercier 42, Lisboa, Lisboa, 1998-015',	31,	918787537),
(17353032,'Marcelo',	'Telinhos','Rua Telheiro 84, Sesimbra, Setúbal, 2970-653',	26,	965084682),
(27143861,'Jorge',	'Hilário','R Alferes Veiga Pestana 91, Cova, Ilha da Madeira, 9270-121',	33	,913048608),
(18857540,'Andreia','Raminhos',	'Avenida República 26, Vila Verde, Braga, 4730-789',	38,	914155730),
(15323668,'Geraldo','Soeiros',	'R Poço Lote 33, São Vicente de Ferreira, Ilha de São Miguel, 9545-545',	44,	937543670),
(28060374,'Adriana','Fiães',	'R Irene Lisboa 58, Odivelas, Lisboa, 2675-348',	32,	923354965),
(18779365,'Sandra',	'Farinhas','R Rampa Alta 32, Estrada, Porto, 4630-674',	22,	922221387),
(14243561,'Fernando','Castelo',	'R Padre António Vieira 46, Olheiro, Faro, 8550-321',	23,	936349719),
(17879917,'Fabio'	,'Nascimento','R Pelourinho 26, Viseu, Viseu, 3500-097',	33	,915071875),
(21391579,'Roberto','Lage',	'Avenida Madre Andaluz 35, Cartaxo, Santarém, 2070-149',	45	,911067598),
(17292503,'André',	'Peralta','Quinta Lama 106, Vila, Porto, 4745-366',	43,	933270514),
(29119766,'Tiago',	'Velasco','Avenida Júlio S Dias 110, Junqueira, Porto, 4480-291',	23,	925817063),
(26276861,'Gustavo','Mesquita',	'R Maria L Sales 16, Romeiras, Beja, 7750-512',	43,	932709157),
(27713170,'Daniel',	'Mirandela','Avenida Júlio Saúl Dias 109, Rates, Porto, 4570-516',	32,	967433844),
(12712235,'Vera',	'Melancia','Rua Leite Vasconcelos 113, Alcarias Pedro Guerreiro, Faro, 8800-014',	31,	926701313),
(26630798,'Joana',	'Anes','R João C Loureiro 101, Sosa, Aveiro, 3840-365',	45	,926179058),
(25144839,'Mariana','Vigário',	'R Cimo Vila 60, Sanfins, Porto, 4595-149',	45,	918475222),
(21703159,'Marta',	'Xisto','R Cerdeira Ervas 11, Braga, Braga, 4710-392',	46,	912298007),
(15714416,'Daniela','Carvalhais',	'Avenida Duque Ávila 81, Toledo, Lisboa, 3530-802',	47,	937233699),
(21373984,'Filipa',	'Rangel','R Rampa Alta 74, Rossa, Porto, 4630-530',	48,	911611323),
(10726699,'Diogo',	'Sobral','R Poço Lote 36, Lomba da Cruz, Lomba da Cruz, Ilha de São Miguel, 9555-032',	33,	934677965),
(17353033,'Alexandre','Parafita',	'Rua Brigadeiro Lino Valente 23, Santa Margarida da Coutada, Santarém, 2250-371',	21,	962561874),
(27143862,'João',	'Furquim','R Costa 32, Roriz, Porto, 4795-305',	25,	928432322),
(18857541,'Carlos',	'Frois','Rua José Fernandes Guerreiro 65, Loulé, Faro, 8100-338',	28,	930035901),
(15323669,'Maria',	'Robalinho','R Fonte Taurina 120, Porto, Porto, 4050-189',	29,	926163431),
(27713171,	'Pedro','Monjardim',	'Rua Luísa Tody 22, Zambujal, Setúbal, 2970-812',	18,	967433845),
(12712236,	'Bruna', 'Rabelo','Avenida Miguel Bombarda 59, Lisboa, Lisboa, 1500-340',	19,	926701314),
(26630799,	'André','Barroqueiro',	'R Regato 8, Penamacor, Castelo Branco, 6090-521',	20,	926179059),
(25144840,	'Rogério','Branco',	'Zona Estação 89, Bairro Novo do Freixo, Évora, 7170-115',	21,	918475223),
(21703160,	'Roberto','Prates',	'Avenida Francelos 94, São Mamede de Infesta, Porto, 4465-132',	22,	912298008),
(15714419,	'Rodrigo','Madeira',	'R Regato 10, Meimoa, Castelo Branco, 6090-382',	23,	937233600),
(21373985,	'Júlia',	'Valcaneia','Zona Estação 8, Ribeira das Parreiras, Évora, 7160-365',	24,	911611324),
(10726700,	'Vitória',	'Resende','Quinta Lama 98, Palmeira, Porto, 4780-341',	25,	934677966),
(17353034,	'Aníbal',	'Camarinho','Avenida Manuel Figueiredo 64, Carda de Baixo, Santarém, 2435-257',	26,	962561873),
(27143863,	'Miguel',	'Brás','R Cid Tomar 32, Lavradio, Setúbal, 2835-339',	27,	928432321),
(18857542,	'Teodoro',	'Valcanaia','Avenida Manuel Figueiredo 33, Chã 2435-148',	29,	930035900),
(15323670,	'Alexandre','Paixão',	'Avenida Doutor Fernando Gomes 45, Póvoa de Varzim, Porto, 4490-612',	30,	926163432),
(21739159,	'José',	'António',	'Rua Cardeal Mercier 74, Sacavém, Lisboa, 1990-506',	21,	924763431),
(15730416,	'Quim',	'Barreiros',	'Avenida Guerra Junqueiro 100, Amadora, Lisboa, 2610-064',	25,	960033845);
GO

insert into Ficha_Clinica values
	(1,17353032),
	(2,27143861),
	(3,18857540),
	(4,15323668),
	(5,28060374),
	(6,18779365),
	(7,14243561),
	(8,17879917),
	(9,21391579),
	(10,17292503),
	(11,29119766),
	(12,26276861),
	(13,27713170),
	(14,12712235),
	(15,26630798),
	(16,25144839),
	(17,21703159),
	(18,15714416),
	(19,21373984),
	(20,10726699),
	(21,17353033),
	(22,27143862),
	(23,18857541),
	(24,15323669),
	(25,27713171),
	(26,12712236),
	(27,26630799),
	(28,25144840),
	(29,21703160),
	(30,15714417),
	(31,21373983),
	(32,10726700),
	(33,17353034),
	(34,27143863),
	(35,18857542),
	(36,15323670),
	(37,21739159),
	(38,15730416),
	(39,21373985),
	(40,27096261),
	(41,10726697),
	(42,21263465),
	(43,29571946),
	(44,15455020),
	(45,10546605),
	(46,13776845),
	(47,12908653),
	(48,14259984),
	(49,11570770),
	(50,15714419),
	(51,21703158),
	(52,12798617),
	(53,16983966);
GO

insert into Medicamentos values
	('Isotrentinoína'),
	('Finasterida'),
	('Calvície'),
	('Dutasterida'),
	('Acitretina'),
	('Etretinato'),
	('Varfarina'),
	('Heparina');
GO

insert into Patologias values
	('Diabetes'),
	('Sífilis'),
	('Hepatite'),
	('Cancro'),
	('HIV'),
	('Doença Pulmonar'),
	('Tuberculose'),
	('HTLV'),
	('Malária'),
	('Doença de Chagas'),
	('Doença autoimune'),
	('Epilepsia'),
	('Doença Psiquátrica');
GO

insert into Descreve_Patologias values
	('Diabetes',1,17353032),
	('Sífilis',2,27143861),
	('Hepatite',3,18857540),
	('Cancro',4,15323668),
	('HIV',5,28060374),
	('Doença Pulmonar',6,18779365),
	('Tuberculose',7,14243561),
	('HTLV',8,17879917),
	('Malária',2,27143861),
	('Doença de Chagas',4,15323668),
	('Doença autoimune',6,18779365),
	('HIV',37,21739159);
GO

insert into Especifica_Medicamentos values
	('Isotrentinoína',1,17353032),
	('Finasterida',2,27143861),
	('Calvície',3,18857540),
	('Dutasterida',4,15323668),
	('Acitretina',5,28060374),
	('Etretinato',6,18779365),
	('Varfarina',7,14243561),
	('Heparina',8,17879917),
	('Finasterida',1,17353032),
	('Varfarina',3,18857540),
	('Acitretina',8,17879917),
	('Calvície',38,15730416);
GO

insert into Tipo_Sangue_Pessoa values
	('AB+',	1,	17353032),
	('AB-',	2,	27143861),
	('A+',	3,	18857540),
	('A+',	4,	15323668),
	('O+',	5,	28060374),
	('A-',	6,	18779365),
	('O+',	7,	14243561),
	('O-',	8,	17879917),
	('O+',	9,	21391579),
	('B-',	10,	17292503),
	('AB+',	11,	29119766),
	('A-',	12,	26276861),
	('O-',	13,	27713170),
	('AB-',	14,	12712235),
	('O+',	15,	26630798),
	('B+',	16,	25144839),
	('AB-',	17,	21703159),
	('AB+',	18,	15714416),
	('O-',	19,	21373984),
	('O+',	20,	10726699),
	('AB+',	21,	17353033),
	('A+',	22,	27143862),
	('B-',	23,	18857541),
	('A-',	24,	15323669),
	('AB+',	25,	27713171),
	('AB-',	26,	12712236),
	('AB+',	27,	26630799),
	('AB-',	28,	25144840),
	('AB+',	29,	21703160),
	('AB-',	30,	15714417),
	('AB+',	31,	21373983),
	('AB-',	32,	10726700),
	('AB+',	33,	17353034),
	('AB-',	34,	27143863),
	('AB-',	35,	18857542),
	('AB-',	36,	15323670);
GO

insert into Paciente (CC_Paciente, ID_Paciente) values
	(26630798,1),
	(18857541,2),
	(15323669,3),
	(21373984,4),
	(15714416,5),
	(21703159,6),
	(17353032,7),
	(15730416,8),
	(17879917,9),
	(21739159,10),
	(18857540,11),
	(15323668,12),
	(28060374,13),
	(27143861,14),
	(14243561,15),
	(18779365,16);
GO

insert into Doador (CC_Doador, ID_Doador) values
	(21391579,1),
	(17292503,2),
	(26276861,3),
	(27713170,4),
	(29119766,5),
	(12712235,6),
	(25144839,7),
	(10726699,8),
	(17353033,9),
	(27143862,10),
	(27713171,11),
	(12712236,12),
	(26630799,13),
	(25144840,14),
	(21703160,15),
	(15714417,16),
	(21373983,17),
	(10726700,18),
	(17353034,19),
	(27143863,20),
	(18857542,21),
	(15323670,22);
GO

insert into Funcionario (ID_Funcionario, CC_Funcionario, salario) values
	(1,21703158,600),
	(2,21373983,400),
	(3,10726697,400),
	(4,12798617,400),
	(5,13776845,600),
	(6,10546605,400),
	(7,12908653,400),
	(8,11570770,400),
	(9,16983966,400),
	(10,15455020,600),
	(11,27096261,400),
	(12,21263465,400),
	(13,29571946,400),
	(14,14259984,400);
GO

insert into Recipiente_Sangue (codigo_associado, data_armazenamento_RS, ID_Paciente_RS, data_utilizacao, ID_Doador_RS, data_doa_sangue) values
	(1,'2021-01-03',1,'2021-01-04',1,'2021-01-02'),
	(2,'2021-02-03',2,'2021-01-04',2,'2021-01-02'),
	(3,'2021-03-03',3,'2021-03-04',3,'2021-03-02'),
	(4,'2021-04-03',4,'2021-04-04',4,'2021-04-02'),
	(5,'2021-06-03',5,'2021-05-04',5,'2021-05-02'),
	(6,'2021-07-03',6,'2021-07-04',6,'2021-07-02'),
	(7,'2021-08-03', 7, '2021-08-04',7,'2021-08-01'),
	(8,'2021-09-03',8,'2021-09-04',8,'2021-09-01'),
	(9,'2021-10-03',9,'2021-10-04',9,'2021-10-01'),
	(10,'2021-11-03',10,'2021-11-04',10,'2021-11-01'),
	(11,'2021-02-23',11,'2021-02-24',11,'2021-02-20'),
	(12,'2021-02-23',12,'2021-02-24',12,'2021-02-19'),
	(13,'2021-03-04',null,null,13,'2021-03-03'),
	(14,'2021-05-09',null,null,14,'2021-05-08'),
	(15,'2021-08-21',null,null,15,'2021-08-19'),
	(16,'2021-10-13',null,null,16,'2021-10-12'),
	(17,'2021-11-08',null,null,17,'2021-11-07'),
	(18,'2021-12-10',null,null,18,'2021-12-10'),
	(19,'2021-01-14',null,null,19,'2021-01-13'),
	(20,'2021-07-26',null,null,20,'2021-07-25'),
	(21,'2021-09-30',null,null,21,'2021-09-28'),
	(22,'2021-01-31',null,null,22,'2021-01-30'),
	(23,'2021-11-08',null,null,17,'2021-11-07'),
	(24,'2021-11-08',null,null,17,'2021-11-07'),
	(25,'2021-01-14',null,null,19,'2021-01-13');
GO

insert into Tipo_Sangue_Recipiente values
	(1,'O+'),
	(2,'B-'),
	(3,'A-'),
	(4,'O-'),
	(5,'AB+'),
	(6,'AB-'),
	(7,'B+'),
	(8,'O+'),
	(9,'AB+'),
	(10,'A+'),
	(11,'AB+'),
	(12,'AB-'),
	(13,'AB+'),
	(14,'AB-'),
	(15,'AB+'),
	(16,'AB-'),
	(17,'AB+'),
	(18,'AB-'),
	(19,'AB+'),
	(20,'AB-'),
	(21,'AB-'),
	(22,'AB-'),
	(23,'AB+'),
	(24,'AB+'),
	(25,'AB+');
GO

insert into Banco_Sangue values
	('São João','R. Dr. Roberto Frias, 4200-465 Porto',1),
	('IPO','IPO 4200, 4200-072 Porto',6),
	('Centro de Sangue e Transplantação de Coimbra','R. Escola Inês de Castro, 3040-226 São Martinho do Bpo',11);
GO

insert into Encomendas values
	(1,10,'A+'),
	(2,12,'A-'),
	(3,16,'B+'),
	(4,21,'B-'),
	(5,5,'AB+'),
	(6,7,'AB-'),
	(7,9,'O+'),
	(8,11,'O-');
GO

insert into Fornece values
	('São João',2,null),	
	('São João',3,null),	
	('IPO',4,null),
	('IPO',5,null),
	('IPO',6,null),
	('Centro de Sangue e Transplantação de Coimbra',7,null),	
	('Centro de Sangue e Transplantação de Coimbra',8,null)
GO

insert into Cliente values
	(1,100000000,'Hospital da Luz','Hospital'),
	(2,100000001,'Clinica UPCare','Clínica'),
	(3,100000002,'Hiclinic','Clínica'),
	(4,100000003,'Hospital da Feira','Hospital');
GO

insert into Faz values
	(1,1,'2021-02-13'),
	(2,1,'2021-04-21'),
	(3,2,'2021-06-05'),
	(4,3,'2021-09-29'),
	(5,4,'2021-01-02'),
	(6,4,'2021-11-13'),
	(7,1,'2021-05-08'),
	(8,4,'2021-06-06')
GO

update Funcionario
set Funcionario_BS_nome='São João'
where ID_Funcionario in (1,2,3,4,5)
GO

update Funcionario
set Funcionario_BS_nome='IPO'
where ID_Funcionario in (6,7,8,9,10)
GO

update Funcionario
set Funcionario_BS_nome='Centro de Sangue e Transplantação de Coimbra'
where ID_Funcionario in (11,12,13,14)
GO

update Recipiente_Sangue
set RS_BS_nome='São João'
where codigo_associado in (1,4,5,8,12,14,16)
GO

update Recipiente_Sangue
set RS_BS_nome='IPO'
where codigo_associado in (2,6,7,17,18,19,20,21,22,23,24,25) -- ,8,11,12,13,14,15,16
GO

update Recipiente_Sangue
set RS_BS_nome='Centro de Sangue e Transplantação de Coimbra'
where codigo_associado in (3,9,10,11,13,15)
GO

update Doador
set nome_bs_d='São João'
where ID_Doador in (1,4,5,8,12,14,16)
GO

update Doador
set nome_bs_d='IPO'
where ID_Doador in (2,6,7,17,18,19,20,21,22)
GO

update Doador
set nome_bs_d='Centro de Sangue e Transplantação de Coimbra'
where ID_Doador in (3,9,10,11,13,15)
GO

update Paciente
set nome_bs_p='São João'
where ID_Paciente in (1,4,5,8,12,14,16)
GO

update Paciente
set nome_bs_p='IPO'
where ID_Paciente in (2,6,7,17,18,19,20,21,22)
GO

update Paciente
set nome_bs_p='Centro de Sangue e Transplantação de Coimbra'
where ID_Paciente in (3,9,10,11,13,15)
GO